Name,Score,Review,Link,Addr
감동식당,4.5,179,https://place.map.kakao.com/1317959049,"
서울 노원구 한글비석로47길 58 1층
(지번) 상계동 434-49
"
강강술래 상계점,3.3,123,https://place.map.kakao.com/18536783,"
서울 노원구 동일로 1628 5층
(지번) 상계동 1025-4
"
로니로티 노원점,4.0,209,https://place.map.kakao.com/1010045527,"
서울 노원구 상계로 63-7 청우빌딩 2층 201호
(지번) 상계동 603-8
"
감각,3.1,195,https://place.map.kakao.com/586007148,"
서울 노원구 상계로 77 1층
(지번) 상계동 337
"
어글리스토브 노원역점,3.8,147,https://place.map.kakao.com/24658744,"
서울 노원구 노해로81길 12-21 3층
(지번) 상계동 332-8
"
시드누아 노원본점,2.6,169,https://place.map.kakao.com/19696160,"
서울 노원구 상계로 84
(지번) 상계동 341-5
"
왕십리조개창고 노원점,2.9,135,https://place.map.kakao.com/25450376,"
서울 노원구 상계로1길 38-11 우창프라자 2층 201호
(지번) 상계동 591-2
"
삼덕식당,3.8,100,https://place.map.kakao.com/298434750,"
서울 노원구 상계로5길 9 1층
(지번) 상계동 354-6
"
땅코참숯구이 노원점,4.5,102,https://place.map.kakao.com/1572967845,"
서울 노원구 노해로85길 15-5
(지번) 상계동 348-4
"
털보고된이 본점,4.0,107,https://place.map.kakao.com/26086942,"
서울 노원구 노해로81길 22-22
(지번) 상계동 332-3
"
숟가락반상 마실 노원점,4.2,42,https://place.map.kakao.com/1601456521,"
서울 노원구 노원로 412
(지번) 상계동 318-1
"
소담촌 노원역점,3.1,52,https://place.map.kakao.com/2097885929,"
서울 노원구 상계로 90 마블러스1 2층
(지번) 상계동 341-7
"
용순가재골수제비,2.5,157,https://place.map.kakao.com/20747637,"
서울 노원구 동일로242길 100 1층
(지번) 상계동 996-8
"
풍미연,2.7,51,https://place.map.kakao.com/16590379,"
서울 노원구 노해로85길 7
(지번) 상계동 323-11
"
수락이오냉면 본점,3.2,54,https://place.map.kakao.com/16526733,"
서울 노원구 동일로237다길 7 1층
(지번) 상계동 1048-10
"
스시웨이 노원점,3.0,60,https://place.map.kakao.com/17849636,"
서울 노원구 동일로 1374
(지번) 상계동 749
"
스시노칸도 노원역점,2.8,187,https://place.map.kakao.com/1358381190,"
서울 노원구 상계로3길 28 영빈빌딩 4층
(지번) 상계동 358-31
"
72420 노원직영점,4.3,70,https://place.map.kakao.com/38006070,"
서울 노원구 동일로217가길 11 1층
(지번) 상계동 733-2
"
수시로스시,3.4,90,https://place.map.kakao.com/736602099,"
서울 노원구 노원로 479 대광빌딩 1층
(지번) 상계동 401-17
"
이춘복참치 노원직영점,2.4,36,https://place.map.kakao.com/13608491,"
서울 노원구 노해로85길 10-7
(지번) 상계동 324-5
"
우리집곱창 본점,4.1,73,https://place.map.kakao.com/16327756,"
서울 노원구 덕릉로123길 11
(지번) 상계동 65-2
"
위안바오,3.8,110,https://place.map.kakao.com/416374182,"
서울 노원구 동일로 1426
(지번) 상계동 693
"
쭈꾸미킹 노원점,3.2,84,https://place.map.kakao.com/592034631,"
서울 노원구 상계로1길 34 뉴금오프라자 1층
(지번) 상계동 591-7
"
풍성진감자탕,4.7,27,https://place.map.kakao.com/767594066,"
서울 노원구 노해로83길 10-11
(지번) 상계동 326-2
"
샛별제과,4.6,49,https://place.map.kakao.com/1488538685,"
서울 노원구 상계로9길 23 101호
(지번) 상계동 397-4
"
화포식당 노원점,4.0,82,https://place.map.kakao.com/331097438,"
서울 노원구 상계로 72
(지번) 상계동 598-1
"
노원돈부리,4.4,60,https://place.map.kakao.com/709257368,"
서울 노원구 동일로 1343 동일프라자 101~103호
(지번) 상계동 763-7
"
아웃백스테이크하우스 노원점,3.7,156,https://place.map.kakao.com/16997192,"
서울 노원구 동일로 1419
(지번) 상계동 711-12
"
노원한우,3.3,158,https://place.map.kakao.com/1171557896,"
서울 노원구 동일로218길 35
(지번) 상계동 725-3
"
썸머타이,4.2,45,https://place.map.kakao.com/89011711,"
서울 노원구 노해로75길 14-25 동신빌딩 1층
(지번) 상계동 707-3
"
장천,3.5,129,https://place.map.kakao.com/229428334,"
서울 노원구 동일로217가길 11 2층 202호
(지번) 상계동 733-2
"
엄마손칼국수,4.0,48,https://place.map.kakao.com/16051532,"
서울 노원구 상계로39길 5
(지번) 상계동 111-478
"
커피베스코,4.4,33,https://place.map.kakao.com/17688746,"
서울 노원구 상계로 55 2층
(지번) 상계동 693-3
"
제임스키친,4.2,56,https://place.map.kakao.com/17005666,"
서울 노원구 노해로81길 12-26 2층
(지번) 상계동 328-9
"
VIPS DELIVERY 상계점,0.0,0,https://place.map.kakao.com/947650399,"
서울 노원구 상계로27길 12
(지번) 상계동 389-356
"
스윗레시피,3.3,121,https://place.map.kakao.com/231176219,"
서울 노원구 상계로1길 38 2층
(지번) 상계동 591-25
"
옛날칼국수,2.5,85,https://place.map.kakao.com/8015984,"
서울 노원구 동일로 1417
(지번) 상계동 711-13
"
노원왕곱창,2.1,60,https://place.map.kakao.com/26898894,"
서울 노원구 상계로 90 마블러스2 1층
(지번) 상계동 341-15
"
시즌,4.0,138,https://place.map.kakao.com/985778800,"
서울 노원구 상계로3길 38-2 2층
(지번) 상계동 358-6
"
노원목고기집,4.6,46,https://place.map.kakao.com/16056109,"
서울 노원구 상계로 96
(지번) 상계동 349-24
"
전민규의황제누룽지탕 노원직영점,3.1,20,https://place.map.kakao.com/9924087,"
서울 노원구 노해로77길 14-8 1~2층
(지번) 상계동 710-3
"
비손샤브칼국수 수락산점,4.4,54,https://place.map.kakao.com/1012609060,"
서울 노원구 동일로 1660 2층 202호
(지번) 상계동 1132-35
"
롤링파스타 노원역점,2.9,90,https://place.map.kakao.com/1165409110,"
서울 노원구 상계로 70 화랑빌딩 2층 1호
(지번) 상계동 598-2
"
한우가,4.5,6,https://place.map.kakao.com/448912210,"
서울 노원구 노해로 517 굿모닝빌딩 1층
(지번) 상계동 323-16
"
고집불통강곱창 노원점,4.3,58,https://place.map.kakao.com/14098947,"
서울 노원구 노해로83길 18-5
(지번) 상계동 341-8
"
평양칼국수,3.2,31,https://place.map.kakao.com/9532967,"
서울 노원구 동일로 1652 1층
(지번) 상계동 1119-24
"
중원,3.0,41,https://place.map.kakao.com/1382921458,"
서울 노원구 동일로242가길 36 1층
(지번) 상계동 1115-31
"
홍익짬뽕 노원2호점,4.6,34,https://place.map.kakao.com/1365118901,"
서울 노원구 노해로83길 21
(지번) 상계동 340-6
"
스타벅스 노원역점,2.9,29,https://place.map.kakao.com/19469879,"
서울 노원구 동일로 1413 남성빌딩 1층
(지번) 상계동 712
"
예향정 노원점,3.5,30,https://place.map.kakao.com/140377526,"
서울 노원구 동일로217가길 31 청화빌딩 2층
(지번) 상계동 735-4
"
일심해장국 상계점,3.5,207,https://place.map.kakao.com/20743795,"
서울 노원구 노원로34길 58
(지번) 상계동 430-22
"
이규민달인보쌈집 본점,4.1,41,https://place.map.kakao.com/20018277,"
서울 노원구 동일로 1598 부흥빌딩 지하1층
(지번) 상계동 964-5
"
현경양고기,4.4,67,https://place.map.kakao.com/1857841704,"
서울 노원구 상계로3길 21 202호
(지번) 상계동 593-1
"
독도게찜,3.7,76,https://place.map.kakao.com/432768483,"
서울 노원구 동일로242가길 50
(지번) 상계동 1131-37
"
스타벅스 노원마들역점,4.4,17,https://place.map.kakao.com/2080972721,"
서울 노원구 노원로 569 임광아파트상가
(지번) 상계동 694
"
쭈꾸미달인 노원직영점,3.2,187,https://place.map.kakao.com/26904390,"
서울 노원구 상계로 71-1 1층
(지번) 상계동 595
"
스타벅스 상계초교사거리점,4.7,25,https://place.map.kakao.com/1800821127,"
서울 노원구 노원로 449
(지번) 상계동 372-16
"
세컨플로어,4.0,55,https://place.map.kakao.com/470119969,"
서울 노원구 상계로1길 8 대유빌딩 2층 206호
(지번) 상계동 603-14
"
맥도날드 상계DT점,3.7,12,https://place.map.kakao.com/26357904,"
서울 노원구 동일로 1612
(지번) 상계동 1022
"
몽실디저트,4.3,53,https://place.map.kakao.com/1513264138,"
서울 노원구 상계로 51 노원프라자빌딩 1층 105호
(지번) 상계동 693-1
"
이자와 노원점,3.7,29,https://place.map.kakao.com/1965352886,"
서울 노원구 상계로 76 정암빌딩 2층 201호
(지번) 상계동 335
"
사랑회수산,5.0,17,https://place.map.kakao.com/26539020,"
서울 노원구 상계로 104 1층
(지번) 상계동 369-5
"
나승준함흥냉면,3.9,19,https://place.map.kakao.com/26792775,"
서울 노원구 상계로 97 위너스빌딩 1층 104호
(지번) 상계동 366-3
"
피노키오냉면,3.8,64,https://place.map.kakao.com/13499443,"
서울 노원구 한글비석로 480 보람상가 2층
(지번) 상계동 639
"
가양양꼬치,4.1,26,https://place.map.kakao.com/14879333,"
서울 노원구 노해로85길 1 2층
(지번) 상계동 323-29
"
천하뼈다귀감자탕,2.2,29,https://place.map.kakao.com/10853199,"
서울 노원구 동일로 1595
(지번) 상계동 963-1
"
일번지소한마리정육식당 노원본점,3.3,20,https://place.map.kakao.com/24793608,"
서울 노원구 상계로3길 32 1층
(지번) 상계동 592-5
"
활어의전설 노원점,3.0,15,https://place.map.kakao.com/311184645,"
서울 노원구 노해로81길 12-33 1층
(지번) 상계동 332-4
"
노원족발,3.3,21,https://place.map.kakao.com/23495499,"
서울 노원구 노해로85길 14
(지번) 상계동 324-4
"
유정한우소곱창,1.3,34,https://place.map.kakao.com/25808164,"
서울 노원구 노해로85길 10-2
(지번) 상계동 323-9
"
버거킹 노원역점,3.4,22,https://place.map.kakao.com/1922012169,"
서울 노원구 노해로 456 동방빌딩 1층
(지번) 상계동 734-5
"
경성쭈꾸미,4.7,74,https://place.map.kakao.com/1541371104,"
서울 노원구 덕릉로 789 1층
(지번) 상계동 101-180
"
상계동 원조닭갈비,4.2,25,https://place.map.kakao.com/1445990797,"
서울 노원구 한글비석로36길 65 1층
(지번) 상계동 140-138
"
스타벅스 중계역점,3.3,20,https://place.map.kakao.com/20046343,"
서울 노원구 동일로 1339 대한빌딩
(지번) 상계동 763-3
"
슈엔챠이 상계점,4.5,23,https://place.map.kakao.com/2102127599,"
서울 노원구 동일로 1335 2층
(지번) 상계동 763-4
"
시골애 노원점,4.2,42,https://place.map.kakao.com/13122817,"
서울 노원구 상계로 64 가동 1층 1호
(지번) 상계동 617
"
더메이즈 노원점,4.2,27,https://place.map.kakao.com/1161456883,"
서울 노원구 상계로5길 26 6층
(지번) 상계동 357-8
"
곳,4.3,39,https://place.map.kakao.com/1250481954,"
서울 노원구 노해로85길 10-55
(지번) 상계동 330-29
"
스시통 노원본점,2.3,77,https://place.map.kakao.com/26491619,"
서울 노원구 동일로 1417 삼양빌딩 2층
(지번) 상계동 711-13
"
본가왕뼈감자탕 노원역점,3.7,47,https://place.map.kakao.com/1222953596,"
서울 노원구 상계로3길 28
(지번) 상계동 358-31
"
투썸플레이스 노원문화의거리점,2.4,24,https://place.map.kakao.com/17757837,"
서울 노원구 상계로 69 2층
(지번) 상계동 593-14
"
영양센타 노원점,3.4,9,https://place.map.kakao.com/10642991,"
서울 노원구 동일로217가길 31 1층
(지번) 상계동 735-4
"
닭갈비제작소 노원점,4.0,23,https://place.map.kakao.com/1254595213,"
서울 노원구 상계로3길 29 2층
(지번) 상계동 358-9
"
마뇨떡볶이 노원역점,4.3,24,https://place.map.kakao.com/1698656854,"
서울 노원구 상계로 55 위성프라자 2층 201호
(지번) 상계동 693-3
"
이자카야모리,2.0,32,https://place.map.kakao.com/2075548768,"
서울 노원구 노해로81길 12-15 2층
(지번) 상계동 616-1
"
스타벅스 노원KT점,3.7,18,https://place.map.kakao.com/18691127,"
서울 노원구 노해로 502
(지번) 상계동 723
"
마들냉면,3.3,7,https://place.map.kakao.com/10363794,"
서울 노원구 한글비석로 474 보람상가2층 217호
(지번) 상계동 639-1
"
잼재미골,3.7,25,https://place.map.kakao.com/903173867,"
서울 노원구 노해로79길 6-19
(지번) 상계동 617
"
청와정,1.9,20,https://place.map.kakao.com/863895545,"
서울 노원구 동일로 1611
(지번) 상계동 1032-1
"
영스넥,3.6,27,https://place.map.kakao.com/17079123,"
서울 노원구 상계로 51 노원프라자빌딩 지하1층
(지번) 상계동 693-1
"
써브웨이 노원점,1.9,30,https://place.map.kakao.com/26321870,"
서울 노원구 노해로 502
(지번) 상계동 723
"
신미방,3.9,12,https://place.map.kakao.com/628049731,"
서울 노원구 상계로 64
(지번) 상계동 617
"
맥도날드 중계역점,2.4,14,https://place.map.kakao.com/8331701,"
서울 노원구 동일로 1341 장우빌딩 1층
(지번) 상계동 763-2
"
라화쿵부 상계점,2.3,46,https://place.map.kakao.com/1944117785,"
서울 노원구 노해로 492 프린스빌딩 2층 203호
(지번) 상계동 724-2
"
송재만참치 수락산역점,4.7,34,https://place.map.kakao.com/16061317,"
서울 노원구 동일로242길 25 2층
(지번) 상계동 1120-31
"
전주콩나물국밥,4.1,9,https://place.map.kakao.com/9386063,"
서울 노원구 노해로75길 14-26
(지번) 상계동 708-3
"
쭈꾸미달인 직영2호점,4.5,58,https://place.map.kakao.com/18657479,"
서울 노원구 상계로5길 3
(지번) 상계동 353-1
"
봉평메밀막국수 직영점,3.3,11,https://place.map.kakao.com/21296190,"
서울 노원구 동일로242가길 14-8
(지번) 상계동 1119-16
"
플로레스테이블,4.2,98,https://place.map.kakao.com/101891212,"
서울 노원구 상계로5길 12 3층
(지번) 상계동 1305
"
데일리식탁,3.8,55,https://place.map.kakao.com/1213793385,"
서울 노원구 상계로 97-5
(지번) 상계동 366-15
"
카페멍스 노원점,4.5,6,https://place.map.kakao.com/552228863,"
서울 노원구 상계로5길 19 2층 201호
(지번) 상계동 354-11
"
다미참치,5.0,29,https://place.map.kakao.com/1871306854,"
서울 노원구 동일로218길 17 2층
(지번) 상계동 726
"
올드델리 노원점,3.7,32,https://place.map.kakao.com/11480937,"
서울 노원구 노해로85길 14 상계제일빌딩 2층
(지번) 상계동 324-4
"
시골집,3.0,8,https://place.map.kakao.com/14526286,"
서울 노원구 동일로236길 11
(지번) 상계동 1025-34
"
고전한방삼계탕 노원점,1.0,12,https://place.map.kakao.com/16328989,"
서울 노원구 노해로 517
(지번) 상계2동 323-16
"
일차돌 노원점,3.0,57,https://place.map.kakao.com/1578507699,"
서울 노원구 노해로81길 12-21 1층
(지번) 상계동 332-8
"
태양부양꼬치 수락산점,3.9,82,https://place.map.kakao.com/54342051,"
서울 노원구 동일로239가길 22 2층
(지번) 상계동 1118-39
"
이오냉면,2.1,42,https://place.map.kakao.com/12048553,"
서울 노원구 상계로1길 38-11
(지번) 상계동 591-3
"
주가네서서갈비 본점,5.0,18,https://place.map.kakao.com/16051406,"
서울 노원구 노해로85길 22
(지번) 상계동 348-2
"
또와순두부수제비,3.0,33,https://place.map.kakao.com/16646116,"
서울 노원구 노해로85길 10-8
(지번) 상계동 323-32
"
르다,4.7,73,https://place.map.kakao.com/1764989514,"
서울 노원구 상계로9길 28
(지번) 상계동 396-6
"
비엔나커피하우스 노원역점,4.1,34,https://place.map.kakao.com/1366601562,"
서울 노원구 동일로 1417 1층
(지번) 상계동 711-13
"
빛나는바다 수락산점,2.4,14,https://place.map.kakao.com/21574389,"
서울 노원구 동일로230가길 84
(지번) 상계동 1120-44
"
대머리곱창 노원점,2.7,30,https://place.map.kakao.com/16057023,"
서울 노원구 상계로1길 62-4
(지번) 상계동 581-55
"
어장촌생선구이,4.0,8,https://place.map.kakao.com/20028584,"
서울 노원구 노해로75길 14-17
(지번) 상계동 707
"
역전할머니맥주 서울노원역점,1.8,18,https://place.map.kakao.com/1648050966,"
서울 노원구 노해로81길 16 1층
(지번) 상계동 616-4
"
신고집찜칼국수 상계점,5.0,2,https://place.map.kakao.com/827764719,"
서울 노원구 한글비석로 424
(지번) 상계동 169-77
"
오케이크 노원점,5.0,9,https://place.map.kakao.com/1920877338,"
서울 노원구 상계로3길 16 동원빌딩 1층 103호
(지번) 상계동 593-2
"
금강산 상계점,0.0,44,https://place.map.kakao.com/339865073,"
서울 노원구 동일로 1630 1층
(지번) 상계동 1025-24
"
신화주꾸미,4.0,25,https://place.map.kakao.com/14527395,"
서울 노원구 동일로 1355 상계주공2단지 상가 1층
(지번) 상계동 746-5
"
화덕피자주는부대찌개 노원점,3.1,24,https://place.map.kakao.com/26838989,"
서울 노원구 상계로 59 2층
(지번) 상계동 693-4
"
짚신매운갈비찜 노원점,2.1,29,https://place.map.kakao.com/16531943,"
서울 노원구 노해로85길 18
(지번) 상계동 341-2
"
백두한우곱창전문 노원점,2.6,30,https://place.map.kakao.com/22675486,"
서울 노원구 상계로 92
(지번) 상계동 348-30
"
하토상의술방,2.3,45,https://place.map.kakao.com/1332590568,"
서울 노원구 상계로3길 10 한일빌딩 2층
(지번) 상계동 593-3
"
투썸플레이스 상계사거리점,2.3,5,https://place.map.kakao.com/1989237181,"
서울 노원구 동일로 1374 2층
(지번) 상계동 749
"
야채곱창춘천집닭갈비,3.2,19,https://place.map.kakao.com/15349377,"
서울 노원구 동일로245길 1
(지번) 상계1동 1132-11
"
시오코 노원점,3.1,18,https://place.map.kakao.com/20373658,"
서울 노원구 상계로5길 26 지하1층
(지번) 상계동 357-8
"
미스터아구,2.6,17,https://place.map.kakao.com/9205614,"
서울 노원구 덕릉로 744
(지번) 상계동 95-180
"
파라솔분식,3.8,22,https://place.map.kakao.com/16621788,"
서울 노원구 상계로1길 14-17 1층
(지번) 상계동 603-1
"
커피나무 노원역점,3.3,6,https://place.map.kakao.com/919057129,"
서울 노원구 상계로1길 14-11
(지번) 상계동 603-2
"
등촌샤브칼국수 노원점,4.7,53,https://place.map.kakao.com/360133586,"
서울 노원구 동일로218길 17 2층
(지번) 상계동 726-1
"
커피빈 노원역점,4.2,10,https://place.map.kakao.com/1321281310,"
서울 노원구 노해로 490 길빌딩 2층
(지번) 상계동 724-1
"
타코비엔나,4.9,22,https://place.map.kakao.com/18723311,"
서울 노원구 상계로1길 38-11
(지번) 상계동 591-2
"
대원집,3.0,17,https://place.map.kakao.com/16499980,"
서울 노원구 노해로85길 10-17
(지번) 상계동 323-1
"
쉐이크쉑 노원점,3.7,72,https://place.map.kakao.com/1429439886,"
서울 노원구 동일로 1414 1층
(지번) 상계동 713
"
북경,3.8,10,https://place.map.kakao.com/376023893,"
서울 노원구 동일로217가길 13 광일빌딩 2층 202호
(지번) 상계동 733-1
"
디저트식탁,4.4,62,https://place.map.kakao.com/1927286862,"
서울 노원구 상계로1길 14-29 2층
(지번) 상계동 602-8
"
구석집 노원1호점,3.8,20,https://place.map.kakao.com/1674479148,"
서울 노원구 상계로1길 62-10 1층
(지번) 상계동 581-53
"
참치박사 2호점,4.6,6,https://place.map.kakao.com/10771043,"
서울 노원구 노해로81길 12-33
(지번) 상계2동 332-4
"
신닭발닭날개,4.9,32,https://place.map.kakao.com/25160901,"
서울 노원구 상계로3길 38-4 101호
(지번) 상계동 592-2
"
문지원의 열정스시,3.8,24,https://place.map.kakao.com/1179763443,"
서울 노원구 한글비석로 459 한보빌딩 1층
(지번) 상계동 449-8
"
명동칼국수,2.5,23,https://place.map.kakao.com/1351485177,"
서울 노원구 상계로 93 경일빌딩 1층
(지번) 상계동 349-51
"
절구시래기 직영1호점,3.5,3,https://place.map.kakao.com/2070031976,"
서울 노원구 동일로242길 123
(지번) 상계동 1002-2
"
산채향,2.6,1,https://place.map.kakao.com/1799582622,"
서울 노원구 노해로77길 22 2층
(지번) 상계동 711-9
"
다이브인브레드,4.9,27,https://place.map.kakao.com/1866260073,"
서울 노원구 한글비석로29길 31
(지번) 상계동 389-607
"
삼시세끼 고기밥상 수락점,5.0,14,https://place.map.kakao.com/414125070,"
서울 노원구 동일로242길 17 2층
(지번) 상계동 1120-1
"
춘천골닭갈비,4.1,16,https://place.map.kakao.com/21237293,"
서울 노원구 상계로 90
(지번) 상계동 341-7
"
투썸플레이스 수락산역점,3.0,7,https://place.map.kakao.com/538398876,"
서울 노원구 동일로243길 13 1층
(지번) 상계동 1132-63
"
수락산풍천장어,3.5,122,https://place.map.kakao.com/1786457675,"
서울 노원구 동일로242길 48 다온빌딩 1층
(지번) 상계동 1008-20
"
다마식당 노원점,3.0,68,https://place.map.kakao.com/22079801,"
서울 노원구 상계로5길 31 보광빌딩 1층
(지번) 상계동 594-2
"
